担当者,受注商品コード,受注数
佐々木,A001,20
佐々木,A002,18
佐々木,A003,27
佐々木,A004,23
佐々木,A005,18
佐藤,A001,34
佐藤,A002,33
佐藤,A003,39
佐藤,A004,35
佐藤,A005,30
田中,A001,17
田中,A002,24
田中,A003,18
田中,A004,20
田中,A005,31
鈴木,A001,19
鈴木,A002,21
鈴木,A003,23
鈴木,A004,12
鈴木,A005,37
